# ************************************************************
# Sequel Pro SQL dump
# Version 4541
#
# http://www.sequelpro.com/
# https://github.com/sequelpro/sequelpro
#
# Host: sp.local (MySQL 5.5.5-10.1.26-MariaDB-0+deb9u1)
# Datenbank: stockpicker
# Erstellt am: 2018-07-14 18:56:45 +0000
# ************************************************************


/*!40101 SET @OLD_CHARACTER_SET_CLIENT=@@CHARACTER_SET_CLIENT */;
/*!40101 SET @OLD_CHARACTER_SET_RESULTS=@@CHARACTER_SET_RESULTS */;
/*!40101 SET @OLD_COLLATION_CONNECTION=@@COLLATION_CONNECTION */;
/*!40101 SET NAMES utf8 */;
/*!40014 SET @OLD_FOREIGN_KEY_CHECKS=@@FOREIGN_KEY_CHECKS, FOREIGN_KEY_CHECKS=0 */;
/*!40101 SET @OLD_SQL_MODE=@@SQL_MODE, SQL_MODE='NO_AUTO_VALUE_ON_ZERO' */;
/*!40111 SET @OLD_SQL_NOTES=@@SQL_NOTES, SQL_NOTES=0 */;


# Export von Tabelle api_key
# ------------------------------------------------------------

DROP TABLE IF EXISTS `api_key`;

CREATE TABLE `api_key` (
  `id` bigint(20) NOT NULL AUTO_INCREMENT,
  `api_key` varchar(255) DEFAULT NULL,
  `last_use` datetime DEFAULT NULL,
  PRIMARY KEY (`id`)
) ENGINE=MyISAM DEFAULT CHARSET=utf8mb4;

LOCK TABLES `api_key` WRITE;
/*!40000 ALTER TABLE `api_key` DISABLE KEYS */;

INSERT INTO `api_key` (`id`, `api_key`, `last_use`)
VALUES
	(1,'T8EQOGB1QDY9PMLB','2018-07-14 14:35:55'),
	(2,'5QCBPQGU0688AM5A','2018-07-14 14:35:44'),
	(3,'E6LHNUU1IFXJWZPB','2018-07-14 14:35:46');

/*!40000 ALTER TABLE `api_key` ENABLE KEYS */;
UNLOCK TABLES;


# Export von Tabelle symbol
# ------------------------------------------------------------

DROP TABLE IF EXISTS `symbol`;

CREATE TABLE `symbol` (
  `id` bigint(20) NOT NULL AUTO_INCREMENT,
  `symbol_key` varchar(255) DEFAULT NULL,
  `symbol_name` varchar(255) DEFAULT NULL,
  `type_id` bigint(20) NOT NULL,
  PRIMARY KEY (`id`),
  KEY `FKcmihplls521x1qp5kqjvygkhd` (`type_id`)
) ENGINE=MyISAM DEFAULT CHARSET=utf8mb4;

LOCK TABLES `symbol` WRITE;
/*!40000 ALTER TABLE `symbol` DISABLE KEYS */;

INSERT INTO `symbol` (`id`, `symbol_key`, `symbol_name`, `type_id`)
VALUES
	(1,'1ST','FirstBlood',1),
	(2,'2GIVE','GiveCoin',1),
	(3,'808','808Coin',1),
	(4,'ABT','ArcBlock',1),
	(5,'ABY','ArtByte',1),
	(6,'AC','AsiaCoin',1),
	(7,'ACT','Achain',1),
	(8,'ADA','Cardano',1),
	(9,'ADT','adToken',1),
	(10,'ADX','AdEx',1),
	(11,'AE','Aeternity',1),
	(12,'AEON','Aeon',1),
	(13,'AGI','SingularityNET',1),
	(14,'AGRS','IDNI-Agoras',1),
	(15,'AI','POLY-AI',1),
	(16,'AID','AidCoin',1),
	(17,'AION','Aion',1),
	(18,'AIR','AirToken',1),
	(19,'AKY','Akuya-Coin',1),
	(20,'ALIS','ALIS',1),
	(21,'AMBER','AmberCoin',1),
	(22,'AMP','Synereo',1),
	(23,'ANC','Anoncoin',1),
	(24,'ANT','Aragon',1),
	(25,'APPC','AppCoins',1),
	(26,'APX','APX-Ventures',1),
	(27,'ARDR','Ardor',1),
	(28,'ARK','Ark',1),
	(29,'ARN','Aeron',1),
	(30,'AST','AirSwap',1),
	(31,'ATB','ATBCoin',1),
	(32,'ATM','ATMChain',1),
	(33,'ATS','Authorship',1),
	(34,'AUR','Auroracoin',1),
	(35,'AVT','Aventus',1),
	(36,'B3','B3Coin',1),
	(37,'BAT','Basic-Attention-Token',1),
	(38,'BAY','BitBay',1),
	(39,'BBR','Boolberry',1),
	(40,'BCAP','BCAP',1),
	(41,'BCC','BitConnect',1),
	(42,'BCD','Bitcoin-Diamond',1),
	(43,'BCH','Bitcoin-Cash',1),
	(44,'BCN','Bytecoin',1),
	(45,'BCPT','BlockMason-Credit-Protocol-Token',1),
	(46,'BCX','BitcoinX',1),
	(47,'BCY','BitCrystals',1),
	(48,'BDL','Bitdeal',1),
	(49,'BEE','Bee-Token',1),
	(50,'BELA','BelaCoin',1),
	(51,'BET','DAO-Casino',1),
	(52,'BFT','BF-Token',1),
	(53,'BIS','Bismuth',1),
	(54,'BITB','BitBean',1),
	(55,'BITBTC','BitBTC',1),
	(56,'BITCNY','BitCNY',1),
	(57,'BITEUR','BitEUR',1),
	(58,'BITGOLD','BitGOLD',1),
	(59,'BITSILVER','BitSILVER',1),
	(60,'BITUSD','BitUSD',1),
	(61,'BIX','Bibox-Token',1),
	(62,'BLITZ','Blitzcash',1),
	(63,'BLK','Blackcoin',1),
	(64,'BLN','Bolenum',1),
	(65,'BLOCK','Blocknet',1),
	(66,'BLZ','Bluzelle',1),
	(67,'BMC','Blackmoon-Crypto',1),
	(68,'BNB','Binance-Coin',1),
	(69,'BNT','Bancor-Network-Token',1),
	(70,'BNTY','Bounty0x',1),
	(71,'BOST','BoostCoin',1),
	(72,'BOT','Bodhi',1),
	(73,'BQ','bitqy',1),
	(74,'BRD','Bread',1),
	(75,'BRK','Breakout-Coin',1),
	(76,'BRX','Breakout-Stake',1),
	(77,'BTA','Bata',1),
	(78,'BTC','Bitcoin',1),
	(79,'BTCD','BitcoinDark',1),
	(80,'BTCP','Bitcoin-Private',1),
	(81,'BTG','Bitcoin-Gold',1),
	(82,'BTM','Bitmark',1),
	(83,'BTS','BitShares',1),
	(84,'BTSR','BTSR',1),
	(85,'BTX','Bitcore',1),
	(86,'BURST','Burstcoin',1),
	(87,'BUZZ','BuzzCoin',1),
	(88,'BYC','Bytecent',1),
	(89,'BYTOM','Bytom',1),
	(90,'C20','Crypto20',1),
	(91,'CANN','CannabisCoin',1),
	(92,'CAT','BlockCAT',1),
	(93,'CCRB','CryptoCarbon',1),
	(94,'CDT','Blox',1),
	(95,'CFI','Cofound-it',1),
	(96,'CHAT','ChatCoin',1),
	(97,'CHIPS','Chips',1),
	(98,'CLAM','Clams',1),
	(99,'CLOAK','CloakCoin',1),
	(100,'CMP','Compcoin',1),
	(101,'CMT','CyberMiles',1),
	(102,'CND','Cindicator',1),
	(103,'CNX','Cryptonex',1),
	(104,'COFI','CoinFi',1),
	(105,'COSS','COSS',1),
	(106,'COVAL','Circuits-Of-Value',1),
	(107,'CRBIT','CreditBIT',1),
	(108,'CREA','CreativeCoin',1),
	(109,'CREDO','Credo',1),
	(110,'CRW','Crown',1),
	(111,'CSNO','BitDice',1),
	(112,'CTR','Centra',1),
	(113,'CTXC','Cortex',1),
	(114,'CURE','CureCoin',1),
	(115,'CVC','Civic',1),
	(116,'DAI','Dai',1),
	(117,'DAR','Darcrus',1),
	(118,'DASH','Dash',1),
	(119,'DATA','DATAcoin',1),
	(120,'DAY','Chronologic',1),
	(121,'DBC','DeepBrain-Chain',1),
	(122,'DBIX','DubaiCoin',1),
	(123,'DCN','Dentacoin',1),
	(124,'DCR','Decred',1),
	(125,'DCT','DECENT',1),
	(126,'DDF','Digital-Developers-Fund',1),
	(127,'DENT','Dent',1),
	(128,'DFS','DFSCoin',1),
	(129,'DGB','DigiByte',1),
	(130,'DGC','Digitalcoin',1),
	(131,'DGD','DigixDAO',1),
	(132,'DICE','Etheroll',1),
	(133,'DLT','Agrello-Delta',1),
	(134,'DMD','Diamond',1),
	(135,'DMT','DMarket',1),
	(136,'DNT','district0x',1),
	(137,'DOGE','DogeCoin',1),
	(138,'DOPE','DopeCoin',1),
	(139,'DRGN','Dragonchain',1),
	(140,'DTA','Data',1),
	(141,'DTB','Databits',1),
	(142,'DYN','Dynamic',1),
	(143,'EAC','EarthCoin',1),
	(144,'EBST','eBoost',1),
	(145,'EBTC','eBTC',1),
	(146,'ECC','ECC',1),
	(147,'ECN','E-coin',1),
	(148,'EDG','Edgeless',1),
	(149,'EDO','Eidoo',1),
	(150,'EFL','Electronic-Gulden',1),
	(151,'EGC','EverGreenCoin',1),
	(152,'EKT','EDUCare',1),
	(153,'ELA','Elastos',1),
	(154,'ELEC','Electrify.Asia',1),
	(155,'ELF','aelf',1),
	(156,'ELIX','Elixir',1),
	(157,'EMB','Embercoin',1),
	(158,'EMC','Emercoin',1),
	(159,'EMC2','Einsteinium',1),
	(160,'ENG','Enigma',1),
	(161,'ENJ','Enjin-Coin',1),
	(162,'ENRG','EnergyCoin',1),
	(163,'EOS','EOS',1),
	(164,'EOT','EOT-Token',1),
	(165,'EQT','EquiTrader',1),
	(166,'ERC','EuropeCoin',1),
	(167,'ETC','Ethereum-Classic',1),
	(168,'ETH','Ethereum',1),
	(169,'ETHD','Ethereum-Dark',1),
	(170,'ETHOS','Ethos',1),
	(171,'ETN','Electroneum',1),
	(172,'ETP','Metaverse-Entropy',1),
	(173,'ETT','EncryptoTel',1),
	(174,'EVE','Devery',1),
	(175,'EVX','Everex',1),
	(176,'EXCL','ExclusiveCoin',1),
	(177,'EXP','Expanse',1),
	(178,'FCT','Factom',1),
	(179,'FLDC','FoldingCoin',1),
	(180,'FLO','FlorinCoin',1),
	(181,'FLT','FlutterCoin',1),
	(182,'FRST','FirstCoin',1),
	(183,'FTC','Feathercoin',1),
	(184,'FUEL','Etherparty',1),
	(185,'FUN','FunFair',1),
	(186,'GAM','Gambit',1),
	(187,'GAME','GameCredits',1),
	(188,'GAS','Gas',1),
	(189,'GBG','Golos Gold',1),
	(190,'GBX','GoByte',1),
	(191,'GBYTE','Byteball',1),
	(192,'GCR','GCRCoin',1),
	(193,'GEO','GeoCoin',1),
	(194,'GLD','GoldCoin',1),
	(195,'GNO','Gnosis-Token',1),
	(196,'GNT','Golem-Tokens',1),
	(197,'GOLOS','Golos',1),
	(198,'GRC','Gridcoin',1),
	(199,'GRS','Groestlcoin',1),
	(200,'GRWI','Growers-International',1),
	(201,'GTC','Game',1),
	(202,'GTO','Gifto',1),
	(203,'GUP','Guppy',1),
	(204,'GVT','Genesis-Vision',1),
	(205,'GXS','GXShares',1),
	(206,'HBN','HoboNickels',1),
	(207,'HEAT','HEAT',1),
	(208,'HMQ','Humaniq',1),
	(209,'HPB','High-Performance-Blockchain',1),
	(210,'HSR','Hshare',1),
	(211,'HUSH','Hush',1),
	(212,'HVN','Hive',1),
	(213,'HXX','HexxCoin',1),
	(214,'ICN','ICONOMI',1),
	(215,'ICX','ICON',1),
	(216,'IFC','Infinitecoin',1),
	(217,'IFT','investFeed',1),
	(218,'IGNIS','Ignis',1),
	(219,'INCNT','Incent',1),
	(220,'IND','Indorse-Token',1),
	(221,'INF','InfChain',1),
	(222,'INK','Ink',1),
	(223,'INS','INS-Ecosystem',1),
	(224,'INSTAR','Insights-Network',1),
	(225,'INT','Internet-Node-Token',1),
	(226,'INXT','Internxt',1),
	(227,'IOC','IOCoin',1),
	(228,'ION','ION',1),
	(229,'IOP','Internet-of-People',1),
	(230,'IOST','IOStoken',1),
	(231,'IOTA','IOTA',1),
	(232,'IOTX','IoTeX',1),
	(233,'IQT','Iquant-Chain',1),
	(234,'ITC','IoT-Chain',1),
	(235,'IXC','iXcoin',1),
	(236,'IXT','InsureX',1),
	(237,'J8T','JET8',1),
	(238,'JNT','Jibrel-Network',1),
	(239,'KCS','KuCoin',1),
	(240,'KICK','KickCoin',1),
	(241,'KIN','KIN',1),
	(242,'KMD','Komodo',1),
	(243,'KNC','Kyber-Network',1),
	(244,'KORE','KoreCoin',1),
	(245,'LBC','LBRY-Credits',1),
	(246,'LCC','Litecoin-Cash',1),
	(247,'LEND','EthLend',1),
	(248,'LEV','Leverj',1),
	(249,'LGD','Legends-Room',1),
	(250,'LINDA','Linda',1),
	(251,'LINK','ChainLink',1),
	(252,'LKK','Lykke',1),
	(253,'LMC','LoMoCoin',1),
	(254,'LOCI','LOCIcoin',1),
	(255,'LOOM','Loom-Token',1),
	(256,'LRC','Loopring',1),
	(257,'LSK','Lisk',1),
	(258,'LTC','Litecoin',1),
	(259,'LUN','Lunyr',1),
	(260,'MAID','MaidSafeCoin',1),
	(261,'MANA','Decentraland',1),
	(262,'MAX','Maxcoin',1),
	(263,'MBRS','Embers',1),
	(264,'MCAP','MCAP',1),
	(265,'MCO','Monaco',1),
	(266,'MDA','Moeda-Loyalty-Points',1),
	(267,'MEC','Megacoin',1),
	(268,'MED','MediBlock',1),
	(269,'MEME','Memetic',1),
	(270,'MER','Mercury',1),
	(271,'MGC','MergeCoin',1),
	(272,'MGO','MobileGo',1),
	(273,'MINEX','Minex',1),
	(274,'MINT','Mintcoin',1),
	(275,'MITH','Mithril',1),
	(276,'MKR','Maker',1),
	(277,'MLN','Melon',1),
	(278,'MNE','Minereum',1),
	(279,'MNX','MinexCoin',1),
	(280,'MOD','Modum',1),
	(281,'MONA','MonaCoin',1),
	(282,'MRT','Miners-Reward-Token',1),
	(283,'MSP','Mothership',1),
	(284,'MTH','Monetha',1),
	(285,'MTN','MedToken',1),
	(286,'MUE','MonetaryUnit',1),
	(287,'MUSIC','Musicoin',1),
	(288,'MYB','MyBit-Token',1),
	(289,'MYST','Mysterium',1),
	(290,'MZC','Mazacoin',1),
	(291,'NAMO','Namocoin',1),
	(292,'NANO','Nano',1),
	(293,'NAS','Nebulas-Token',1),
	(294,'NAV','Nav-Coin',1),
	(295,'NBT','NuBits',1),
	(296,'NCASH','Nucleus-Vision',1),
	(297,'NDC','NeverDie-Coin',1),
	(298,'NEBL','Neblio',1),
	(299,'NEO','NEO',1),
	(300,'NEOS','NeosCoin',1),
	(301,'NET','Nimiq',1),
	(302,'NLC2','NoLimitCoin',1),
	(303,'NLG','Gulden',1),
	(304,'NMC','Namecoin',1),
	(305,'NMR','Numeraire',1),
	(306,'NOBL','NobleCoin',1),
	(307,'NOTE','DNotes',1),
	(308,'NPXS','Pundi-X-Token',1),
	(309,'NSR','NuShares',1),
	(310,'NTO','Fujinto',1),
	(311,'NULS','Nuls',1),
	(312,'NVC','Novacoin',1),
	(313,'NXC','Nexium',1),
	(314,'NXS','Nexus',1),
	(315,'NXT','Nxt',1),
	(316,'OAX','openANX',1),
	(317,'OBITS','Obits',1),
	(318,'OCL','Oceanlab',1),
	(319,'OCN','Odyssey',1),
	(320,'ODEM','ODEM',1),
	(321,'ODN','Obsidian',1),
	(322,'OF','OFCOIN',1),
	(323,'OK','OKCash',1),
	(324,'OMG','OmiseGo',1),
	(325,'OMNI','Omni',1),
	(326,'ONION','DeepOnion',1),
	(327,'ONT','Ontology',1),
	(328,'OPT','Opus',1),
	(329,'OST','Simple-Token',1),
	(330,'PART','Particl',1),
	(331,'PASC','PascalCoin',1),
	(332,'PAY','TenX',1),
	(333,'PBL','Pebbles',1),
	(334,'PBT','Primalbase-Token',1),
	(335,'PFR','Payfair',1),
	(336,'PING','CryptoPing',1),
	(337,'PINK','Pinkcoin',1),
	(338,'PIVX','PIVX',1),
	(339,'PIX','Lampix',1),
	(340,'PLBT','Polybius',1),
	(341,'PLR','Pillar',1),
	(342,'PLU','Pluton',1),
	(343,'POA','POA-Network',1),
	(344,'POE','Poet',1),
	(345,'POLY','Polymath',1),
	(346,'POSW','PoSW-Coin',1),
	(347,'POT','PotCoin',1),
	(348,'POWR','Power-Ledger',1),
	(349,'PPC','Peercoin',1),
	(350,'PPT','Populous',1),
	(351,'PPY','Peerplays',1),
	(352,'PRG','Paragon-Coin',1),
	(353,'PRL','Oyster-Pearl',1),
	(354,'PRO','Propy',1),
	(355,'PST','Primas',1),
	(356,'PTC','Pesetacoin',1),
	(357,'PTOY','Patientory',1),
	(358,'PURA','Pura',1),
	(359,'QASH','QASH',1),
	(360,'QAU','Quantum',1),
	(361,'QLC','Qlink',1),
	(362,'QRK','Quark',1),
	(363,'QRL','Quantum-Resistant-Ledger',1),
	(364,'QSP','Quantstamp',1),
	(365,'QTL','Quatloo',1),
	(366,'QTUM','Qtum',1),
	(367,'QWARK','Qwark',1),
	(368,'R','Revain',1),
	(369,'RADS','Radium',1),
	(370,'RAIN','Condensate',1),
	(371,'RBIES','Rubies',1),
	(372,'RBX','Ripto-Bux',1),
	(373,'RBY','RubyCoin',1),
	(374,'RCN','Ripio-Credit-Network',1),
	(375,'RDD','ReddCoin',1),
	(376,'RDN','Raiden-Network-Token',1),
	(377,'REC','Regalcoin',1),
	(378,'RED','Redcoin',1),
	(379,'REP','Augur',1),
	(380,'REQ','Request-Network',1),
	(381,'RHOC','RChain',1),
	(382,'RIC','Riecoin',1),
	(383,'RISE','Rise',1),
	(384,'RLC','RLC-Token',1),
	(385,'RLT','RouletteToken',1),
	(386,'RPX','Red-Pulse',1),
	(387,'RRT','Recovery-Right-Tokens',1),
	(388,'RUFF','Ruff',1),
	(389,'RUP','Rupee',1),
	(390,'RVT','Rivetz',1),
	(391,'SAFEX','SafeExchangeCoin',1),
	(392,'SALT','Salt',1),
	(393,'SAN','Santiment-Network-Token',1),
	(394,'SBD','Steem-Dollars',1),
	(395,'SBTC','Super-Bitcoin',1),
	(396,'SC','Siacoin',1),
	(397,'SEELE','Seele',1),
	(398,'SEQ','Sequence',1),
	(399,'SHIFT','SHIFT',1),
	(400,'SIB','SIBCoin',1),
	(401,'SIGMA','SIGMAcoin',1),
	(402,'SIGT','Signatum',1),
	(403,'SJCX','Storjcoin-X',1),
	(404,'SKIN','SkinCoin',1),
	(405,'SKY','Skycoin',1),
	(406,'SLR','SolarCoin',1),
	(407,'SLS','SaluS',1),
	(408,'SMART','SmartCash',1),
	(409,'SMT','SmartMesh',1),
	(410,'SNC','SunContract',1),
	(411,'SNGLS','SingularDTV',1),
	(412,'SNM','SONM',1),
	(413,'SNRG','Synergy',1),
	(414,'SNT','Status-Network-Token',1),
	(415,'SOC','All-Sports',1),
	(416,'SOUL','Phantasma',1),
	(417,'SPANK','SpankChain',1),
	(418,'SPC','SpaceChain',1),
	(419,'SPHR','Sphere',1),
	(420,'SPR','SpreadCoin',1),
	(421,'SRN','Sirin-Labs-Token',1),
	(422,'START','Startcoin',1),
	(423,'STEEM','Steem',1),
	(424,'STK','STK-Token',1),
	(425,'STORJ','Storj',1),
	(426,'STORM','Storm',1),
	(427,'STQ','Storiqa',1),
	(428,'STRAT','Stratis',1),
	(429,'STX','Stox',1),
	(430,'SUB','Substratum',1),
	(431,'SWFTC','SwftCoin',1),
	(432,'SWIFT','Bitswift',1),
	(433,'SWT','Swarm-City',1),
	(434,'SYNX','Syndicate',1),
	(435,'SYS','SysCoin',1),
	(436,'TAAS','Taas',1),
	(437,'TAU','Lamden',1),
	(438,'TCC','The-ChampCoin',1),
	(439,'TFL','True-Flip',1),
	(440,'THC','HempCoin',1),
	(441,'THETA','Theta-Token',1),
	(442,'TIME','Time',1),
	(443,'TIX','Blocktix',1),
	(444,'TKN','TokenCard',1),
	(445,'TKR','Trackr',1),
	(446,'TKS','Tokes',1),
	(447,'TNB','Time-New-Bank',1),
	(448,'TNT','Tierion',1),
	(449,'TOA','ToaCoin',1),
	(450,'TRAC','OriginTrail',1),
	(451,'TRC','Terracoin',1),
	(452,'TRCT','Tracto',1),
	(453,'TRIG','Triggers',1),
	(454,'TRST','Trustcoin',1),
	(455,'TRUE','TrueChain',1),
	(456,'TRUST','TrustPlus',1),
	(457,'TRX','Tronix',1),
	(458,'TUSD','TrueUSD',1),
	(459,'TX','TransferCoin',1),
	(460,'UBQ','Ubiq',1),
	(461,'UKG','UnikoinGold',1),
	(462,'ULA','Ulatech',1),
	(463,'UNB','UnbreakableCoin',1),
	(464,'UNITY','SuperNET',1),
	(465,'UNO','Unobtanium',1),
	(466,'UNY','Unity-Ingot',1),
	(467,'UP','UpToken',1),
	(468,'URO','Uro',1),
	(469,'USDT','Tether',1),
	(470,'UTK','UTrust',1),
	(471,'VEE','BLOCKv',1),
	(472,'VEN','VeChain',1),
	(473,'VERI','Veritaseum',1),
	(474,'VIA','Viacoin',1),
	(475,'VIB','Viberate',1),
	(476,'VIBE','Vibe',1),
	(477,'VIVO','VIVO',1),
	(478,'VOISE','Voise',1),
	(479,'VOX','Voxels',1),
	(480,'VPN','VPNCoin',1),
	(481,'VRC','Vericoin',1),
	(482,'VRM','Verium',1),
	(483,'VRS','Veros',1),
	(484,'VSL','vSlice',1),
	(485,'VTC','Vertcoin',1),
	(486,'VTR','vTorrent',1),
	(487,'WABI','WaBi',1),
	(488,'WAN','Wanchain',1),
	(489,'WAVES','Waves',1),
	(490,'WAX','Wax-Token',1),
	(491,'WCT','Waves-Community',1),
	(492,'WDC','WorldCoin',1),
	(493,'WGO','WavesGo',1),
	(494,'WGR','Wagerr',1),
	(495,'WINGS','Wings',1),
	(496,'WPR','WePower',1),
	(497,'WTC','Walton',1),
	(498,'WTT','Giga-Watt-Token',1),
	(499,'XAS','Asch',1),
	(500,'XAUR','Xaurum',1),
	(501,'XBC','Bitcoin-Plus',1),
	(502,'XBY','XtraBYtes',1),
	(503,'XCN','Cryptonite',1),
	(504,'XCP','Counterparty',1),
	(505,'XDN','DigitalNote',1),
	(506,'XEL','Elastic',1),
	(507,'XEM','NEM',1),
	(508,'XID','Sphere-Identity',1),
	(509,'XLM','Stellar',1),
	(510,'XMG','Magi',1),
	(511,'XMR','Monero',1),
	(512,'XMT','Metal',1),
	(513,'XMY','Myriadcoin',1),
	(514,'XPM','Primecoin',1),
	(515,'XRL','Rialto',1),
	(516,'XRP','Ripple',1),
	(517,'XSPEC','Spectrecoin',1),
	(518,'XST','Stealthcoin',1),
	(519,'XTZ','Tezos',1),
	(520,'XUC','Exchange-Union',1),
	(521,'XVC','Vcash',1),
	(522,'XVG','Verge',1),
	(523,'XWC','WhiteCoin',1),
	(524,'XZC','ZCoin',1),
	(525,'XZR','ZrCoin',1),
	(526,'YEE','Yee',1),
	(527,'YOYOW','YOYOW',1),
	(528,'ZCC','ZcCoin',1),
	(529,'ZCL','Zclassic',1),
	(530,'ZCO','Zebi',1),
	(531,'ZEC','Zcash',1),
	(532,'ZEN','ZenCash',1),
	(533,'ZET','Zetacoin',1),
	(534,'ZIL','Zilliqa',1),
	(535,'ZLA','Zilla',1),
	(536,'ZRX','0x',1),
	(537,'MSFT','Microsoft Coorperation',2),
	(538,'FB','Facebook Inc.',2),
	(539,'AAPL','Apple Inc.',2),
	(540,'INTC',' Intel',2),
	(541,'AABA','Altaba Inc',2),
	(542,'JPM','JPMorgan Chase & Co',2),
	(543,'BAC','Bank of America',2),
	(544,'ZNGA','Zynga',2),
	(545,'ADBE','Adobe',2),
	(546,'CSCO','Cisco',2),
	(547,'AXP','American Express',2);

/*!40000 ALTER TABLE `symbol` ENABLE KEYS */;
UNLOCK TABLES;


# Export von Tabelle symbol_type
# ------------------------------------------------------------

DROP TABLE IF EXISTS `symbol_type`;

CREATE TABLE `symbol_type` (
  `id` bigint(20) NOT NULL AUTO_INCREMENT,
  `type_key` varchar(255) DEFAULT NULL,
  `type_name` varchar(255) DEFAULT NULL,
  PRIMARY KEY (`id`)
) ENGINE=MyISAM DEFAULT CHARSET=utf8mb4;

LOCK TABLES `symbol_type` WRITE;
/*!40000 ALTER TABLE `symbol_type` DISABLE KEYS */;

INSERT INTO `symbol_type` (`id`, `type_key`, `type_name`)
VALUES
	(1,'DIGITAL_CURRENCY','Digital Currency'),
	(2,'STOCK','Stock');

/*!40000 ALTER TABLE `symbol_type` ENABLE KEYS */;
UNLOCK TABLES;


# Export von Tabelle time_serie
# ------------------------------------------------------------

DROP TABLE IF EXISTS `time_serie`;

CREATE TABLE `time_serie` (
  `id` bigint(20) NOT NULL AUTO_INCREMENT,
  `close` double DEFAULT NULL,
  `series_date` datetime DEFAULT NULL,
  `high` double DEFAULT NULL,
  `low` double DEFAULT NULL,
  `open` double DEFAULT NULL,
  `volume` double DEFAULT NULL,
  `symbol_id` bigint(20) NOT NULL,
  PRIMARY KEY (`id`),
  KEY `FKc3rwtvgb9ne656hkg6j0t7atv` (`symbol_id`)
) ENGINE=MyISAM DEFAULT CHARSET=utf8mb4;



# Export von Tabelle trade
# ------------------------------------------------------------

DROP TABLE IF EXISTS `trade`;

CREATE TABLE `trade` (
  `id` bigint(20) NOT NULL AUTO_INCREMENT,
  `close_value` double DEFAULT NULL,
  `closed` datetime DEFAULT NULL,
  `open_value` double DEFAULT NULL,
  `opened` datetime DEFAULT NULL,
  `volume` double DEFAULT NULL,
  `symbol_id` bigint(20) NOT NULL,
  `user_id` bigint(20) NOT NULL,
  PRIMARY KEY (`id`),
  KEY `FK5f37m7e7c7op4br3tflgixbn1` (`symbol_id`),
  KEY `FK1dqm16mo3cntjlxap3iusqvyt` (`user_id`)
) ENGINE=MyISAM DEFAULT CHARSET=utf8mb4;

LOCK TABLES `trade` WRITE;
/*!40000 ALTER TABLE `trade` DISABLE KEYS */;

INSERT INTO `trade` (`id`, `close_value`, `closed`, `open_value`, `opened`, `volume`, `symbol_id`, `user_id`)
VALUES
	(1,200,'2018-07-10 18:19:47',190.185,'2018-07-09 18:19:47',100,539,2),
	(2,122,'2018-07-10 18:19:47',101.665,'2018-07-09 18:23:21',9,537,2),
	(3,NULL,NULL,6386.67921135,'2018-07-10 23:47:47',100,78,2),
	(4,NULL,NULL,191.42,'2018-07-14 10:28:03',1,539,2),
	(5,NULL,NULL,191.42,'2018-07-14 14:18:11',200,539,2),
	(6,NULL,NULL,52.22,'2018-07-14 14:18:42',400,540,2),
	(7,NULL,NULL,28.53,'2018-07-14 14:35:55',33,543,2);

/*!40000 ALTER TABLE `trade` ENABLE KEYS */;
UNLOCK TABLES;


# Export von Tabelle user
# ------------------------------------------------------------

DROP TABLE IF EXISTS `user`;

CREATE TABLE `user` (
  `id` bigint(20) NOT NULL AUTO_INCREMENT,
  `active` bit(1) DEFAULT NULL,
  `email` varchar(255) DEFAULT NULL,
  `entry_fee` double DEFAULT NULL,
  `firstname` varchar(255) DEFAULT NULL,
  `lastname` varchar(255) DEFAULT NULL,
  `password` varchar(255) DEFAULT NULL,
  `role` varchar(255) DEFAULT NULL,
  `username` varchar(255) DEFAULT NULL,
  PRIMARY KEY (`id`)
) ENGINE=MyISAM DEFAULT CHARSET=utf8mb4;

LOCK TABLES `user` WRITE;
/*!40000 ALTER TABLE `user` DISABLE KEYS */;

INSERT INTO `user` (`id`, `active`, `email`, `entry_fee`, `firstname`, `lastname`, `password`, `role`, `username`)
VALUES
	(2,b'1','risse@jens-risse.com',10000,'Jens','Risse','$2a$10$7LviVlTgPc7y90KeNpLDrOTZtEYsPLhRh3tEwFMTxq9nc0V1TO3pa','ADMIN','jrisse'),
	(4,b'0','muster@jens-risse.com',0,'Max','Mustermann','$2a$10$789cbrf.Vz4/BgZ52yB6nOBzHlqrR1C0u/vSQCG8EhP/q34zNIj2i','USER','muster');

/*!40000 ALTER TABLE `user` ENABLE KEYS */;
UNLOCK TABLES;



/*!40111 SET SQL_NOTES=@OLD_SQL_NOTES */;
/*!40101 SET SQL_MODE=@OLD_SQL_MODE */;
/*!40014 SET FOREIGN_KEY_CHECKS=@OLD_FOREIGN_KEY_CHECKS */;
/*!40101 SET CHARACTER_SET_CLIENT=@OLD_CHARACTER_SET_CLIENT */;
/*!40101 SET CHARACTER_SET_RESULTS=@OLD_CHARACTER_SET_RESULTS */;
/*!40101 SET COLLATION_CONNECTION=@OLD_COLLATION_CONNECTION */;
